https://www.youtube.com/watch?v=liNSvgaMjTc;Не подходит для просмотра
https://www.youtube.com/watch?v=CHYlH9pPYxU;Подходит для просмотра
https://www.youtube.com/watch?v=0a-a8GMe090;Подходит для просмотра
https://www.youtube.com/watch?v=7124jZIZauI;Не подходит для просмотра
https://www.youtube.com/watch?v=n1zw9aoTqpk&list=PL5ayj0VlpHfPP4UVyg4WRwlNf5e3nlyAo;Не подходит для просмотра
https://www.youtube.com/watch?v=NlCzS5Y1G4o&list=PLQs3W11UxdHbyuaBD-uSmLsGq5pm-6uPl&index=3;Подходит для просмотра
https://www.youtube.com/watch?v=cN7XXLyb1Fo;Подходит для просмотра
https://www.youtube.com/watch?v=ZgKcRIITHRY;Подходит для просмотра
https://www.youtube.com/watch?v=8wn9x40ze_w;Подходит для просмотра
https://www.youtube.com/watch?v=yO9RkL1W01U;Подходит для просмотра
https://www.youtube.com/watch?v=d_YNOOUjeHw;Подходит для просмотра
https://www.youtube.com/watch?v=PhaPiPl_Zm8;Не подходит для просмотра
https://www.youtube.com/watch?v=kAC1nwja5po;Не подходит для просмотра
https://www.youtube.com/watch?v=K2hl-zy67Ec;Подходит для просмотра
https://www.youtube.com/watch?v=Lbj5C-Sw2_A;Подходит для просмотра
https://www.youtube.com/watch?v=xhNv476tAs8;Подходит для просмотра
https://www.youtube.com/watch?v=Lt_HUzZUDHw;Подходит для просмотра
https://nuum.ru/clips/2137212-bombicheskuiu-devochku-v-topy-srochno-top-rekomendatsii;Не подходит для просмотра
https://nuum.ru/videos/1540924-shikarnaia-podborka-ochen-smeshnykh-anekdotov-top-14;Подходит для просмотра
https://nuum.ru/channel/krasivo/clips/2137178--ofis-rabota-krasivaia-top-podpiska-vzaimno;Подходит для просмотра
https://nuum.ru/channel/krasivo/clips/2121447--leto-muzyka-plate-vzaimno-podpiska;Не подходит для просмотра
https://rutube.ru/video/aa6e284ccace8e57567c17905b9e60a2/;Не подходит для просмотра
